<?xml version="1.0" encoding="UTF-8"?>
<project-private xmlns="http://www.netbeans.org/ns/project-private/1">
    <editor-bookmarks xmlns="http://www.netbeans.org/ns/editor-bookmarks/2" lastBookmarkId="0"/>
    <open-files xmlns="http://www.netbeans.org/ns/projectui-open-files/2">
        <group>
            <file>file:/C:/Users/Carlos%20Maldonado/Downloads/jars/jars/CalculadoraCalculo/src/Formularios/Integrador2.java</file>
            <file>file:/C:/Users/Carlos%20Maldonado/Downloads/jars/jars/CalculadoraCalculo/src/Formularios/ExplicacionD2.java</file>
            <file>file:/C:/Users/Carlos%20Maldonado/Downloads/jars/jars/CalculadoraCalculo/src/calculadoracalculo/CalculadoraCalculo.java</file>
            <file>file:/C:/Users/Carlos%20Maldonado/Downloads/jars/jars/CalculadoraCalculo/src/Clases.java</file>
            <file>file:/C:/Users/Carlos%20Maldonado/Downloads/jars/jars/CalculadoraCalculo/src/Formularios/ExplicacionIntegral2.java</file>
            <file>file:/C:/Users/Carlos%20Maldonado/Downloads/jars/jars/CalculadoraCalculo/src/Integrador.java</file>
            <file>file:/C:/Users/Carlos%20Maldonado/Downloads/jars/jars/CalculadoraCalculo/src/Formularios/Integrador.java</file>
            <file>file:/C:/Users/Carlos%20Maldonado/Downloads/jars/jars/CalculadoraCalculo/src/Formularios/ExplicacionIntegral.java</file>
            <file>file:/C:/Users/Carlos%20Maldonado/Downloads/jars/jars/CalculadoraCalculo/src/Formularios/IntegralesDefinidas.java</file>
        </group>
    </open-files>
</project-private>
